date_and_time	date	week_as_date	season	text_with_fixed_set_of_possible_values	text_with_very_long_example	number_with_minimum	integer_with_range	integer_with_missing_values	text_with_json_example	unique_variable	url
2021-01-25T06:00:00	2021-01-25	2021-04	2020/21	random	873a7cc28d29e3f17b0544ea6e9e8436defe32f6d60649159ee8ac78d41479	19.3	1	5	[{'method': 'PANGOLIN_LATEST', 'classification_version': 'PUSHER-v1.28.1', 'tool_version': '4.3', 'lineage': 'BA.2', '@qc_notes': 'Ambiguous_content:0.02', '@is_designated': False, '@qc_status': 'pass', '@conflict': 0.0, '@note': 'Usher placements: BA.2(1/1)'}]	1	https://www.gbe.rki.de/DE/Themen/EinflussfaktorenAufDieGesundheit/GesundheitsUndRisikoverhalten/Alkoholkonsum/Rauschtrinken/rauschtrinken_node.html
2021-02-01T06:00:00	2021-02-01	2021-05	2020/21	requested	873a7cc28d29e3f17b0544ea6e9e8436defe32f6d60649159ee8ac78d41480	18.4	7	10	[{'method': 'PANGOLIN_LATEST', 'classification_version': 'PUSHER-v1.28.1', 'tool_version': '4.3', 'lineage': 'BA.2', '@qc_notes': 'Ambiguous_content:0.02', '@is_designated': False, '@qc_status': 'pass', '@conflict': 0.0, '@note': 'Usher placements: BA.2(1/1)'}]	2	https://www.gbe.rki.de/DE/Themen/EinflussfaktorenAufDieGesundheit/GesundheitsUndRisikoverhalten/Alkoholkonsum/Rauschtrinken/rauschtrinken_node.html
2021-02-08T06:00:00	2021-02-08	2021-06	2020/21	clinical	873a7cc28d29e3f17b0544ea6e9e8436defe32f6d60649159ee8ac78d41481	17.5	86	84	[{'method': 'PANGOLIN_LATEST', 'classification_version': 'PUSHER-v1.28.1', 'tool_version': '4.3', 'lineage': 'BA.2', '@qc_notes': 'Ambiguous_content:0.02', '@is_designated': False, '@qc_status': 'pass', '@conflict': 0.0, '@note': 'Usher placements: BA.2(1/1)'}]	3	https://www.gbe.rki.de/DE/Themen/EinflussfaktorenAufDieGesundheit/GesundheitsUndRisikoverhalten/Alkoholkonsum/Rauschtrinken/rauschtrinken_node.html
2021-02-15T06:00:00	2021-02-15	2021-07	2020/21	unknown, other	873a7cc28d29e3f17b0544ea6e9e8436defe32f6d60649159ee8ac78d41482	16.6	10	13	[{'method': 'PANGOLIN_LATEST', 'classification_version': 'PUSHER-v1.28.1', 'tool_version': '4.3', 'lineage': 'BA.2', '@qc_notes': 'Ambiguous_content:0.02', '@is_designated': False, '@qc_status': 'pass', '@conflict': 0.0, '@note': 'Usher placements: BA.2(1/1)'}]	4	https://www.gbe.rki.de/DE/Themen/EinflussfaktorenAufDieGesundheit/GesundheitsUndRisikoverhalten/Alkoholkonsum/Rauschtrinken/rauschtrinken_node.html
2021-02-22T06:00:00	2021-02-22	2021-08	2020/21	clinical	873a7cc28d29e3f17b0544ea6e9e8436defe32f6d60649159ee8ac78d41483	15.7	0	4	[{'method': 'PANGOLIN_LATEST', 'classification_version': 'PUSHER-v1.28.1', 'tool_version': '4.3', 'lineage': 'BA.2', '@qc_notes': 'Ambiguous_content:0.02', '@is_designated': False, '@qc_status': 'pass', '@conflict': 0.0, '@note': 'Usher placements: BA.2(1/1)'}]	5	https://www.gbe.rki.de/DE/Themen/EinflussfaktorenAufDieGesundheit/GesundheitsUndRisikoverhalten/Alkoholkonsum/Rauschtrinken/rauschtrinken_node.html
2021-03-01T06:00:00	2021-03-01	2021-09	2020/21	random	873a7cc28d29e3f17b0544ea6e9e8436defe32f6d60649159ee8ac78d41484	14.8	8	11	[{'method': 'PANGOLIN_LATEST', 'classification_version': 'PUSHER-v1.28.1', 'tool_version': '4.3', 'lineage': 'BA.2', '@qc_notes': 'Ambiguous_content:0.02', '@is_designated': False, '@qc_status': 'pass', '@conflict': 0.0, '@note': 'Usher placements: BA.2(1/1)'}]	6	https://www.gbe.rki.de/DE/Themen/EinflussfaktorenAufDieGesundheit/GesundheitsUndRisikoverhalten/Alkoholkonsum/Rauschtrinken/rauschtrinken_node.html
2021-03-08T06:00:00	2021-03-08	2021-10	2020/21	requested	873a7cc28d29e3f17b0544ea6e9e8436defe32f6d60649159ee8ac78d41485	13.9	252	250	[{'method': 'PANGOLIN_LATEST', 'classification_version': 'PUSHER-v1.28.1', 'tool_version': '4.3', 'lineage': 'BA.2', '@qc_notes': 'Ambiguous_content:0.02', '@is_designated': False, '@qc_status': 'pass', '@conflict': 0.0, '@note': 'Usher placements: BA.2(1/1)'}]	7	https://www.gbe.rki.de/DE/Themen/EinflussfaktorenAufDieGesundheit/GesundheitsUndRisikoverhalten/Alkoholkonsum/Rauschtrinken/rauschtrinken_node.html
2021-03-15T06:00:00	2021-03-15	2021-11	2020/21	clinical	873a7cc28d29e3f17b0544ea6e9e8436defe32f6d60649159ee8ac78d41486	13	10	13	[{'method': 'PANGOLIN_LATEST', 'classification_version': 'PUSHER-v1.28.1', 'tool_version': '4.3', 'lineage': 'BA.2', '@qc_notes': 'Ambiguous_content:0.02', '@is_designated': False, '@qc_status': 'pass', '@conflict': 0.0, '@note': 'Usher placements: BA.2(1/1)'}]	8	https://www.gbe.rki.de/DE/Themen/EinflussfaktorenAufDieGesundheit/GesundheitsUndRisikoverhalten/Alkoholkonsum/Rauschtrinken/rauschtrinken_node.html
2021-03-22T06:00:00	2021-03-22	2021-12	2020/21	requested	873a7cc28d29e3f17b0544ea6e9e8436defe32f6d60649159ee8ac78d41487	12.1	0	4	[{'method': 'PANGOLIN_LATEST', 'classification_version': 'PUSHER-v1.28.1', 'tool_version': '4.3', 'lineage': 'BA.2', '@qc_notes': 'Ambiguous_content:0.02', '@is_designated': False, '@qc_status': 'pass', '@conflict': 0.0, '@note': 'Usher placements: BA.2(1/1)'}]	9	https://www.gbe.rki.de/DE/Themen/EinflussfaktorenAufDieGesundheit/GesundheitsUndRisikoverhalten/Alkoholkonsum/Rauschtrinken/rauschtrinken_node.html
2021-03-29T06:00:00	2021-03-29	2021-13	2020/21	clinical	873a7cc28d29e3f17b0544ea6e9e8436defe32f6d60649159ee8ac78d41488	11.2	8	11	[{'method': 'PANGOLIN_LATEST', 'classification_version': 'PUSHER-v1.28.1', 'tool_version': '4.3', 'lineage': 'BA.2', '@qc_notes': 'Ambiguous_content:0.02', '@is_designated': False, '@qc_status': 'pass', '@conflict': 0.0, '@note': 'Usher placements: BA.2(1/1)'}]	10	https://www.gbe.rki.de/DE/Themen/EinflussfaktorenAufDieGesundheit/GesundheitsUndRisikoverhalten/Alkoholkonsum/Rauschtrinken/rauschtrinken_node.html
2021-04-05T06:00:00	2021-04-05	2021-14	2020/21	clinical	873a7cc28d29e3f17b0544ea6e9e8436defe32f6d60649159ee8ac78d41489	10.3	252	250	[{'method': 'PANGOLIN_LATEST', 'classification_version': 'PUSHER-v1.28.1', 'tool_version': '4.3', 'lineage': 'BA.2', '@qc_notes': 'Ambiguous_content:0.02', '@is_designated': False, '@qc_status': 'pass', '@conflict': 0.0, '@note': 'Usher placements: BA.2(1/1)'}]	11	https://www.gbe.rki.de/DE/Themen/EinflussfaktorenAufDieGesundheit/GesundheitsUndRisikoverhalten/Alkoholkonsum/Rauschtrinken/rauschtrinken_node.html
2021-04-12T06:00:00	2021-04-12	2021-15	2020/21	random	873a7cc28d29e3f17b0544ea6e9e8436defe32f6d60649159ee8ac78d41490	9.4	6	9	[{'method': 'PANGOLIN_LATEST', 'classification_version': 'PUSHER-v1.28.1', 'tool_version': '4.3', 'lineage': 'BA.2', '@qc_notes': 'Ambiguous_content:0.02', '@is_designated': False, '@qc_status': 'pass', '@conflict': 0.0, '@note': 'Usher placements: BA.2(1/1)'}]	12	https://www.gbe.rki.de/DE/Themen/EinflussfaktorenAufDieGesundheit/GesundheitsUndRisikoverhalten/Alkoholkonsum/Rauschtrinken/rauschtrinken_node.html
2021-04-19T06:00:00	2021-04-19	2021-16	2020/21	random	873a7cc28d29e3f17b0544ea6e9e8436defe32f6d60649159ee8ac78d41491	8.5	2	6	[{'method': 'PANGOLIN_LATEST', 'classification_version': 'PUSHER-v1.28.1', 'tool_version': '4.3', 'lineage': 'BA.2', '@qc_notes': 'Ambiguous_content:0.02', '@is_designated': False, '@qc_status': 'pass', '@conflict': 0.0, '@note': 'Usher placements: BA.2(1/1)'}]	13	https://www.gbe.rki.de/DE/Themen/EinflussfaktorenAufDieGesundheit/GesundheitsUndRisikoverhalten/Alkoholkonsum/Rauschtrinken/rauschtrinken_node.html
2021-04-26T06:00:00	2021-04-26	2021-17	2020/21	requested	873a7cc28d29e3f17b0544ea6e9e8436defe32f6d60649159ee8ac78d41492	7.6	91	94	[{'method': 'PANGOLIN_LATEST', 'classification_version': 'PUSHER-v1.28.1', 'tool_version': '4.3', 'lineage': 'BA.2', '@qc_notes': 'Ambiguous_content:0.02', '@is_designated': False, '@qc_status': 'pass', '@conflict': 0.0, '@note': 'Usher placements: BA.2(1/1)'}]	14	https://www.gbe.rki.de/DE/Themen/EinflussfaktorenAufDieGesundheit/GesundheitsUndRisikoverhalten/Alkoholkonsum/Rauschtrinken/rauschtrinken_node.html
2021-05-03T06:00:00	2021-05-03	2021-18	2020/21	clinical	873a7cc28d29e3f17b0544ea6e9e8436defe32f6d60649159ee8ac78d41493	6.7	5	3	[{'method': 'PANGOLIN_LATEST', 'classification_version': 'PUSHER-v1.28.1', 'tool_version': '4.3', 'lineage': 'BA.2', '@qc_notes': 'Ambiguous_content:0.02', '@is_designated': False, '@qc_status': 'pass', '@conflict': 0.0, '@note': 'Usher placements: BA.2(1/1)'}]	15	https://www.gbe.rki.de/DE/Themen/EinflussfaktorenAufDieGesundheit/GesundheitsUndRisikoverhalten/Alkoholkonsum/Rauschtrinken/rauschtrinken_node.html
2021-05-10T06:00:00	2021-05-10	2021-19	2020/21	unknown, other	873a7cc28d29e3f17b0544ea6e9e8436defe32f6d60649159ee8ac78d41494	5.8	5	8	[{'method': 'PANGOLIN_LATEST', 'classification_version': 'PUSHER-v1.28.1', 'tool_version': '4.3', 'lineage': 'BA.2', '@qc_notes': 'Ambiguous_content:0.02', '@is_designated': False, '@qc_status': 'pass', '@conflict': 0.0, '@note': 'Usher placements: BA.2(1/1)'}]	16	https://www.gbe.rki.de/DE/Themen/EinflussfaktorenAufDieGesundheit/GesundheitsUndRisikoverhalten/Alkoholkonsum/Rauschtrinken/rauschtrinken_node.html
2021-05-17T06:00:00	2021-05-17	2021-20	2020/21	clinical	873a7cc28d29e3f17b0544ea6e9e8436defe32f6d60649159ee8ac78d41495	4.9	3	7	[{'method': 'PANGOLIN_LATEST', 'classification_version': 'PUSHER-v1.28.1', 'tool_version': '4.3', 'lineage': 'BA.2', '@qc_notes': 'Ambiguous_content:0.02', '@is_designated': False, '@qc_status': 'pass', '@conflict': 0.0, '@note': 'Usher placements: BA.2(1/1)'}]	17	https://www.gbe.rki.de/DE/Themen/EinflussfaktorenAufDieGesundheit/GesundheitsUndRisikoverhalten/Alkoholkonsum/Rauschtrinken/rauschtrinken_node.html
2021-05-24T06:00:00	2021-05-24	2021-21	2020/21	random	873a7cc28d29e3f17b0544ea6e9e8436defe32f6d60649159ee8ac78d41496	4	257	260	[{'method': 'PANGOLIN_LATEST', 'classification_version': 'PUSHER-v1.28.1', 'tool_version': '4.3', 'lineage': 'BA.2', '@qc_notes': 'Ambiguous_content:0.02', '@is_designated': False, '@qc_status': 'pass', '@conflict': 0.0, '@note': 'Usher placements: BA.2(1/1)'}]	18	https://www.gbe.rki.de/DE/Themen/EinflussfaktorenAufDieGesundheit/GesundheitsUndRisikoverhalten/Alkoholkonsum/Rauschtrinken/rauschtrinken_node.html
2021-05-31T06:00:00	2021-05-31	2021-22	2020/21	requested	873a7cc28d29e3f17b0544ea6e9e8436defe32f6d60649159ee8ac78d41497	3.1	5	3	[{'method': 'PANGOLIN_LATEST', 'classification_version': 'PUSHER-v1.28.1', 'tool_version': '4.3', 'lineage': 'BA.2', '@qc_notes': 'Ambiguous_content:0.02', '@is_designated': False, '@qc_status': 'pass', '@conflict': 0.0, '@note': 'Usher placements: BA.2(1/1)'}]	19	https://www.gbe.rki.de/DE/Themen/EinflussfaktorenAufDieGesundheit/GesundheitsUndRisikoverhalten/Alkoholkonsum/Rauschtrinken/rauschtrinken_node.html
2021-06-07T06:00:00	2021-06-07	2021-23	2020/21	clinical	873a7cc28d29e3f17b0544ea6e9e8436defe32f6d60649159ee8ac78d41498	13.9	5	8	[{'method': 'PANGOLIN_LATEST', 'classification_version': 'PUSHER-v1.28.1', 'tool_version': '4.3', 'lineage': 'BA.2', '@qc_notes': 'Ambiguous_content:0.02', '@is_designated': False, '@qc_status': 'pass', '@conflict': 0.0, '@note': 'Usher placements: BA.2(1/1)'}]	20	https://www.gbe.rki.de/DE/Themen/EinflussfaktorenAufDieGesundheit/GesundheitsUndRisikoverhalten/Alkoholkonsum/Rauschtrinken/rauschtrinken_node.html
2021-06-14T06:00:00	2021-06-14	2021-24	2020/21	requested	873a7cc28d29e3f17b0544ea6e9e8436defe32f6d60649159ee8ac78d41499	13	3	7	[{'method': 'PANGOLIN_LATEST', 'classification_version': 'PUSHER-v1.28.1', 'tool_version': '4.3', 'lineage': 'BA.2', '@qc_notes': 'Ambiguous_content:0.02', '@is_designated': False, '@qc_status': 'pass', '@conflict': 0.0, '@note': 'Usher placements: BA.2(1/1)'}]	21	https://www.gbe.rki.de/DE/Themen/EinflussfaktorenAufDieGesundheit/GesundheitsUndRisikoverhalten/Alkoholkonsum/Rauschtrinken/rauschtrinken_node.html
2021-06-21T06:00:00	2021-06-21	2021-25	2020/21	clinical	873a7cc28d29e3f17b0544ea6e9e8436defe32f6d60649159ee8ac78d41500	12.1	257	260	[{'method': 'PANGOLIN_LATEST', 'classification_version': 'PUSHER-v1.28.1', 'tool_version': '4.3', 'lineage': 'BA.2', '@qc_notes': 'Ambiguous_content:0.02', '@is_designated': False, '@qc_status': 'pass', '@conflict': 0.0, '@note': 'Usher placements: BA.2(1/1)'}]	22	https://www.gbe.rki.de/DE/Themen/EinflussfaktorenAufDieGesundheit/GesundheitsUndRisikoverhalten/Alkoholkonsum/Rauschtrinken/rauschtrinken_node.html
2021-06-28T06:00:00	2021-06-28	2021-26	2020/21	clinical	873a7cc28d29e3f17b0544ea6e9e8436defe32f6d60649159ee8ac78d41501	11.2	1	NA	[{'method': 'PANGOLIN_LATEST', 'classification_version': 'PUSHER-v1.28.1', 'tool_version': '4.3', 'lineage': 'BA.2', '@qc_notes': 'Ambiguous_content:0.02', '@is_designated': False, '@qc_status': 'pass', '@conflict': 0.0, '@note': 'Usher placements: BA.2(1/1)'}]	23	https://www.gbe.rki.de/DE/Themen/EinflussfaktorenAufDieGesundheit/GesundheitsUndRisikoverhalten/Alkoholkonsum/Rauschtrinken/rauschtrinken_node.html
2021-07-05T06:00:00	2021-07-05	2021-27	2021/22	random	873a7cc28d29e3f17b0544ea6e9e8436defe32f6d60649159ee8ac78d41502	10.3	5	8	[{'method': 'PANGOLIN_LATEST', 'classification_version': 'PUSHER-v1.28.1', 'tool_version': '4.3', 'lineage': 'BA.2', '@qc_notes': 'Ambiguous_content:0.02', '@is_designated': False, '@qc_status': 'pass', '@conflict': 0.0, '@note': 'Usher placements: BA.2(1/1)'}]	24	https://www.gbe.rki.de/DE/Themen/EinflussfaktorenAufDieGesundheit/GesundheitsUndRisikoverhalten/Alkoholkonsum/Rauschtrinken/rauschtrinken_node.html
2021-07-12T06:00:00	2021-07-12	2021-28	2021/22	random	873a7cc28d29e3f17b0544ea6e9e8436defe32f6d60649159ee8ac78d41503	9.4	3	7	[{'method': 'PANGOLIN_LATEST', 'classification_version': 'PUSHER-v1.28.1', 'tool_version': '4.3', 'lineage': 'BA.2', '@qc_notes': 'Ambiguous_content:0.02', '@is_designated': False, '@qc_status': 'pass', '@conflict': 0.0, '@note': 'Usher placements: BA.2(1/1)'}]	25	https://www.gbe.rki.de/DE/Themen/EinflussfaktorenAufDieGesundheit/GesundheitsUndRisikoverhalten/Alkoholkonsum/Rauschtrinken/rauschtrinken_node.html
2021-07-19T06:00:00	2021-07-19	2021-29	2021/22	requested	873a7cc28d29e3f17b0544ea6e9e8436defe32f6d60649159ee8ac78d41504	12.22	257	260	[{'method': 'PANGOLIN_LATEST', 'classification_version': 'PUSHER-v1.28.1', 'tool_version': '4.3', 'lineage': 'BA.2', '@qc_notes': 'Ambiguous_content:0.02', '@is_designated': False, '@qc_status': 'pass', '@conflict': 0.0, '@note': 'Usher placements: BA.2(1/1)'}]	26	https://www.gbe.rki.de/DE/Themen/EinflussfaktorenAufDieGesundheit/GesundheitsUndRisikoverhalten/Alkoholkonsum/Rauschtrinken/rauschtrinken_node.html
2021-07-26T06:00:00	2021-07-26	2021-30	2021/22	clinical	873a7cc28d29e3f17b0544ea6e9e8436defe32f6d60649159ee8ac78d41505	12.80	5	3	[{'method': 'PANGOLIN_LATEST', 'classification_version': 'PUSHER-v1.28.1', 'tool_version': '4.3', 'lineage': 'BA.2', '@qc_notes': 'Ambiguous_content:0.02', '@is_designated': False, '@qc_status': 'pass', '@conflict': 0.0, '@note': 'Usher placements: BA.2(1/1)'}]	27	https://www.gbe.rki.de/DE/Themen/EinflussfaktorenAufDieGesundheit/GesundheitsUndRisikoverhalten/Alkoholkonsum/Rauschtrinken/rauschtrinken_node.html
2021-08-02T06:00:00	2021-08-02	2021-31	2021/22	unknown, other	873a7cc28d29e3f17b0544ea6e9e8436defe32f6d60649159ee8ac78d41506	13.37	5	8	[{'method': 'PANGOLIN_LATEST', 'classification_version': 'PUSHER-v1.28.1', 'tool_version': '4.3', 'lineage': 'BA.2', '@qc_notes': 'Ambiguous_content:0.02', '@is_designated': False, '@qc_status': 'pass', '@conflict': 0.0, '@note': 'Usher placements: BA.2(1/1)'}]	28	https://www.gbe.rki.de/DE/Themen/EinflussfaktorenAufDieGesundheit/GesundheitsUndRisikoverhalten/Alkoholkonsum/Rauschtrinken/rauschtrinken_node.html
2021-08-09T06:00:00	2021-08-09	2021-32	2021/22	clinical	873a7cc28d29e3f17b0544ea6e9e8436defe32f6d60649159ee8ac78d41507	13.94	3	7	[{'method': 'PANGOLIN_LATEST', 'classification_version': 'PUSHER-v1.28.1', 'tool_version': '4.3', 'lineage': 'BA.2', '@qc_notes': 'Ambiguous_content:0.02', '@is_designated': False, '@qc_status': 'pass', '@conflict': 0.0, '@note': 'Usher placements: BA.2(1/1)'}]	29	https://www.gbe.rki.de/DE/Themen/EinflussfaktorenAufDieGesundheit/GesundheitsUndRisikoverhalten/Alkoholkonsum/Rauschtrinken/rauschtrinken_node.html
2021-08-16T06:00:00	2021-08-16	2021-33	2021/22	random	873a7cc28d29e3f17b0544ea6e9e8436defe32f6d60649159ee8ac78d41508	14.51	257	260	[{'method': 'PANGOLIN_LATEST', 'classification_version': 'PUSHER-v1.28.1', 'tool_version': '4.3', 'lineage': 'BA.2', '@qc_notes': 'Ambiguous_content:0.02', '@is_designated': False, '@qc_status': 'pass', '@conflict': 0.0, '@note': 'Usher placements: BA.2(1/1)'}]	30	https://www.gbe.rki.de/DE/Themen/EinflussfaktorenAufDieGesundheit/GesundheitsUndRisikoverhalten/Alkoholkonsum/Rauschtrinken/rauschtrinken_node.html
2021-08-23T06:00:00	2021-08-23	2021-34	2021/22	requested	873a7cc28d29e3f17b0544ea6e9e8436defe32f6d60649159ee8ac78d41509	15.09	1	NA	[{'method': 'PANGOLIN_LATEST', 'classification_version': 'PUSHER-v1.28.1', 'tool_version': '4.3', 'lineage': 'BA.2', '@qc_notes': 'Ambiguous_content:0.02', '@is_designated': False, '@qc_status': 'pass', '@conflict': 0.0, '@note': 'Usher placements: BA.2(1/1)'}]	31	https://www.gbe.rki.de/DE/Themen/EinflussfaktorenAufDieGesundheit/GesundheitsUndRisikoverhalten/Alkoholkonsum/Rauschtrinken/rauschtrinken_node.html
2021-08-30T06:00:00	2021-08-30	2021-35	2021/22	clinical	873a7cc28d29e3f17b0544ea6e9e8436defe32f6d60649159ee8ac78d41510	15.66	7	10	[{'method': 'PANGOLIN_LATEST', 'classification_version': 'PUSHER-v1.28.1', 'tool_version': '4.3', 'lineage': 'BA.2', '@qc_notes': 'Ambiguous_content:0.02', '@is_designated': False, '@qc_status': 'pass', '@conflict': 0.0, '@note': 'Usher placements: BA.2(1/1)'}]	32	https://www.gbe.rki.de/DE/Themen/EinflussfaktorenAufDieGesundheit/GesundheitsUndRisikoverhalten/Alkoholkonsum/Rauschtrinken/rauschtrinken_node.html
2021-09-06T06:00:00	2021-09-06	2021-36	2021/22	requested	873a7cc28d29e3f17b0544ea6e9e8436defe32f6d60649159ee8ac78d41511	16.23	86	90	[{'method': 'PANGOLIN_LATEST', 'classification_version': 'PUSHER-v1.28.1', 'tool_version': '4.3', 'lineage': 'BA.2', '@qc_notes': 'Ambiguous_content:0.02', '@is_designated': False, '@qc_status': 'pass', '@conflict': 0.0, '@note': 'Usher placements: BA.2(1/1)'}]	33	https://www.gbe.rki.de/DE/Themen/EinflussfaktorenAufDieGesundheit/GesundheitsUndRisikoverhalten/Alkoholkonsum/Rauschtrinken/rauschtrinken_node.html
2021-09-13T06:00:00	2021-09-13	2021-37	2021/22	clinical	873a7cc28d29e3f17b0544ea6e9e8436defe32f6d60649159ee8ac78d41512	16.80	6	9	[{'method': 'PANGOLIN_LATEST', 'classification_version': 'PUSHER-v1.28.1', 'tool_version': '4.3', 'lineage': 'BA.2', '@qc_notes': 'Ambiguous_content:0.02', '@is_designated': False, '@qc_status': 'pass', '@conflict': 0.0, '@note': 'Usher placements: BA.2(1/1)'}]	34	https://www.gbe.rki.de/DE/Themen/EinflussfaktorenAufDieGesundheit/GesundheitsUndRisikoverhalten/Alkoholkonsum/Rauschtrinken/rauschtrinken_node.html
2021-09-20T06:00:00	2021-09-20	2021-38	2021/22	clinical	873a7cc28d29e3f17b0544ea6e9e8436defe32f6d60649159ee8ac78d41513	17.38	2	0	[{'method': 'PANGOLIN_LATEST', 'classification_version': 'PUSHER-v1.28.1', 'tool_version': '4.3', 'lineage': 'BA.2', '@qc_notes': 'Ambiguous_content:0.02', '@is_designated': False, '@qc_status': 'pass', '@conflict': 0.0, '@note': 'Usher placements: BA.2(1/1)'}]	35	https://www.gbe.rki.de/DE/Themen/EinflussfaktorenAufDieGesundheit/GesundheitsUndRisikoverhalten/Alkoholkonsum/Rauschtrinken/rauschtrinken_node.html
2021-09-27T06:00:00	2021-09-27	2021-39	2021/22	random	873a7cc28d29e3f17b0544ea6e9e8436defe32f6d60649159ee8ac78d41514	17.95	91	94	[{'method': 'PANGOLIN_LATEST', 'classification_version': 'PUSHER-v1.28.1', 'tool_version': '4.3', 'lineage': 'BA.2', '@qc_notes': 'Ambiguous_content:0.02', '@is_designated': False, '@qc_status': 'pass', '@conflict': 0.0, '@note': 'Usher placements: BA.2(1/1)'}]	36	https://www.gbe.rki.de/DE/Themen/EinflussfaktorenAufDieGesundheit/GesundheitsUndRisikoverhalten/Alkoholkonsum/Rauschtrinken/rauschtrinken_node.html
2021-10-04T06:00:00	2021-10-04	2021-40	2021/22	random	873a7cc28d29e3f17b0544ea6e9e8436defe32f6d60649159ee8ac78d41515	18.52	5	9	[{'method': 'PANGOLIN_LATEST', 'classification_version': 'PUSHER-v1.28.1', 'tool_version': '4.3', 'lineage': 'BA.2', '@qc_notes': 'Ambiguous_content:0.02', '@is_designated': False, '@qc_status': 'pass', '@conflict': 0.0, '@note': 'Usher placements: BA.2(1/1)'}]	37	https://www.gbe.rki.de/DE/Themen/EinflussfaktorenAufDieGesundheit/GesundheitsUndRisikoverhalten/Alkoholkonsum/Rauschtrinken/rauschtrinken_node.html
2021-10-11T06:00:00	2021-10-11	2021-41	2021/22	requested	873a7cc28d29e3f17b0544ea6e9e8436defe32f6d60649159ee8ac78d41516	19.10	5	8	[{'method': 'PANGOLIN_LATEST', 'classification_version': 'PUSHER-v1.28.1', 'tool_version': '4.3', 'lineage': 'BA.2', '@qc_notes': 'Ambiguous_content:0.02', '@is_designated': False, '@qc_status': 'pass', '@conflict': 0.0, '@note': 'Usher placements: BA.2(1/1)'}]	38	https://www.gbe.rki.de/DE/Themen/EinflussfaktorenAufDieGesundheit/GesundheitsUndRisikoverhalten/Alkoholkonsum/Rauschtrinken/rauschtrinken_node.html
2021-10-18T06:00:00	2021-10-18	2021-42	2021/22	clinical	873a7cc28d29e3f17b0544ea6e9e8436defe32f6d60649159ee8ac78d41517	19.67	3	1	[{'method': 'PANGOLIN_LATEST', 'classification_version': 'PUSHER-v1.28.1', 'tool_version': '4.3', 'lineage': 'BA.2', '@qc_notes': 'Ambiguous_content:0.02', '@is_designated': False, '@qc_status': 'pass', '@conflict': 0.0, '@note': 'Usher placements: BA.2(1/1)'}]	39	https://www.gbe.rki.de/DE/Themen/EinflussfaktorenAufDieGesundheit/GesundheitsUndRisikoverhalten/Alkoholkonsum/Rauschtrinken/rauschtrinken_node.html
2021-10-25T06:00:00	2021-10-25	2021-43	2021/22	unknown, other	873a7cc28d29e3f17b0544ea6e9e8436defe32f6d60649159ee8ac78d41518	20.24	257	260	[{'method': 'PANGOLIN_LATEST', 'classification_version': 'PUSHER-v1.28.1', 'tool_version': '4.3', 'lineage': 'BA.2', '@qc_notes': 'Ambiguous_content:0.02', '@is_designated': False, '@qc_status': 'pass', '@conflict': 0.0, '@note': 'Usher placements: BA.2(1/1)'}]	40	https://www.gbe.rki.de/DE/Themen/EinflussfaktorenAufDieGesundheit/GesundheitsUndRisikoverhalten/Alkoholkonsum/Rauschtrinken/rauschtrinken_node.html
2021-11-01T06:00:00	2021-11-01	2021-44	2021/22	clinical	873a7cc28d29e3f17b0544ea6e9e8436defe32f6d60649159ee8ac78d41519	20.81	5	9	[{'method': 'PANGOLIN_LATEST', 'classification_version': 'PUSHER-v1.28.1', 'tool_version': '4.3', 'lineage': 'BA.2', '@qc_notes': 'Ambiguous_content:0.02', '@is_designated': False, '@qc_status': 'pass', '@conflict': 0.0, '@note': 'Usher placements: BA.2(1/1)'}]	41	https://www.gbe.rki.de/DE/Themen/EinflussfaktorenAufDieGesundheit/GesundheitsUndRisikoverhalten/Alkoholkonsum/Rauschtrinken/rauschtrinken_node.html
2021-11-08T06:00:00	2021-11-08	2021-45	2021/22	random	873a7cc28d29e3f17b0544ea6e9e8436defe32f6d60649159ee8ac78d41520	21.39	5	8	[{'method': 'PANGOLIN_LATEST', 'classification_version': 'PUSHER-v1.28.1', 'tool_version': '4.3', 'lineage': 'BA.2', '@qc_notes': 'Ambiguous_content:0.02', '@is_designated': False, '@qc_status': 'pass', '@conflict': 0.0, '@note': 'Usher placements: BA.2(1/1)'}]	42	https://www.gbe.rki.de/DE/Themen/EinflussfaktorenAufDieGesundheit/GesundheitsUndRisikoverhalten/Alkoholkonsum/Rauschtrinken/rauschtrinken_node.html
2021-11-15T06:00:00	2021-11-15	2021-46	2021/22	requested	873a7cc28d29e3f17b0544ea6e9e8436defe32f6d60649159ee8ac78d41521	21.96	3	1	[{'method': 'PANGOLIN_LATEST', 'classification_version': 'PUSHER-v1.28.1', 'tool_version': '4.3', 'lineage': 'BA.2', '@qc_notes': 'Ambiguous_content:0.02', '@is_designated': False, '@qc_status': 'pass', '@conflict': 0.0, '@note': 'Usher placements: BA.2(1/1)'}]	43	https://www.gbe.rki.de/DE/Themen/EinflussfaktorenAufDieGesundheit/GesundheitsUndRisikoverhalten/Alkoholkonsum/Rauschtrinken/rauschtrinken_node.html
2021-11-22T06:00:00	2021-11-22	2021-47	2021/22	clinical	873a7cc28d29e3f17b0544ea6e9e8436defe32f6d60649159ee8ac78d41522	22.53	257	260	[{'method': 'PANGOLIN_LATEST', 'classification_version': 'PUSHER-v1.28.1', 'tool_version': '4.3', 'lineage': 'BA.2', '@qc_notes': 'Ambiguous_content:0.02', '@is_designated': False, '@qc_status': 'pass', '@conflict': 0.0, '@note': 'Usher placements: BA.2(1/1)'}]	44	https://www.gbe.rki.de/DE/Themen/EinflussfaktorenAufDieGesundheit/GesundheitsUndRisikoverhalten/Alkoholkonsum/Rauschtrinken/rauschtrinken_node.html
2021-11-29T06:00:00	2021-11-29	2021-48	2021/22	requested	873a7cc28d29e3f17b0544ea6e9e8436defe32f6d60649159ee8ac78d41523	23.10	1	5	[{'method': 'PANGOLIN_LATEST', 'classification_version': 'PUSHER-v1.28.1', 'tool_version': '4.3', 'lineage': 'BA.2', '@qc_notes': 'Ambiguous_content:0.02', '@is_designated': False, '@qc_status': 'pass', '@conflict': 0.0, '@note': 'Usher placements: BA.2(1/1)'}]	45	https://www.gbe.rki.de/DE/Themen/EinflussfaktorenAufDieGesundheit/GesundheitsUndRisikoverhalten/Alkoholkonsum/Rauschtrinken/rauschtrinken_node.html
2021-12-06T06:00:00	2021-12-06	2021-49	2021/22	clinical	873a7cc28d29e3f17b0544ea6e9e8436defe32f6d60649159ee8ac78d41524	23.68	5	8	[{'method': 'PANGOLIN_LATEST', 'classification_version': 'PUSHER-v1.28.1', 'tool_version': '4.3', 'lineage': 'BA.2', '@qc_notes': 'Ambiguous_content:0.02', '@is_designated': False, '@qc_status': 'pass', '@conflict': 0.0, '@note': 'Usher placements: BA.2(1/1)'}]	46	https://www.gbe.rki.de/DE/Themen/EinflussfaktorenAufDieGesundheit/GesundheitsUndRisikoverhalten/Alkoholkonsum/Rauschtrinken/rauschtrinken_node.html
2021-12-13T06:00:00	2021-12-13	2021-50	2021/22	clinical	873a7cc28d29e3f17b0544ea6e9e8436defe32f6d60649159ee8ac78d41525	24.25	3	1	[{'method': 'PANGOLIN_LATEST', 'classification_version': 'PUSHER-v1.28.1', 'tool_version': '4.3', 'lineage': 'BA.2', '@qc_notes': 'Ambiguous_content:0.02', '@is_designated': False, '@qc_status': 'pass', '@conflict': 0.0, '@note': 'Usher placements: BA.2(1/1)'}]	47	https://www.gbe.rki.de/DE/Themen/EinflussfaktorenAufDieGesundheit/GesundheitsUndRisikoverhalten/Alkoholkonsum/Rauschtrinken/rauschtrinken_node.html
2021-12-20T06:00:00	2021-12-20	2021-51	2021/22	random	873a7cc28d29e3f17b0544ea6e9e8436defe32f6d60649159ee8ac78d41526	24.82	257	260	[{'method': 'PANGOLIN_LATEST', 'classification_version': 'PUSHER-v1.28.1', 'tool_version': '4.3', 'lineage': 'BA.2', '@qc_notes': 'Ambiguous_content:0.02', '@is_designated': False, '@qc_status': 'pass', '@conflict': 0.0, '@note': 'Usher placements: BA.2(1/1)'}]	48	https://www.gbe.rki.de/DE/Themen/EinflussfaktorenAufDieGesundheit/GesundheitsUndRisikoverhalten/Alkoholkonsum/Rauschtrinken/rauschtrinken_node.html
2021-12-27T06:00:00	2021-12-27	2021-52	2021/22	random	873a7cc28d29e3f17b0544ea6e9e8436defe32f6d60649159ee8ac78d41527	25.40	5	9	[{'method': 'PANGOLIN_LATEST', 'classification_version': 'PUSHER-v1.28.1', 'tool_version': '4.3', 'lineage': 'BA.2', '@qc_notes': 'Ambiguous_content:0.02', '@is_designated': False, '@qc_status': 'pass', '@conflict': 0.0, '@note': 'Usher placements: BA.2(1/1)'}]	49	https://www.gbe.rki.de/DE/Themen/EinflussfaktorenAufDieGesundheit/GesundheitsUndRisikoverhalten/Alkoholkonsum/Rauschtrinken/rauschtrinken_node.html
2022-01-03T06:00:00	2022-01-03	2022-01	2021/22	requested	873a7cc28d29e3f17b0544ea6e9e8436defe32f6d60649159ee8ac78d41528	25.97	5	8	[{'method': 'PANGOLIN_LATEST', 'classification_version': 'PUSHER-v1.28.1', 'tool_version': '4.3', 'lineage': 'BA.2', '@qc_notes': 'Ambiguous_content:0.02', '@is_designated': False, '@qc_status': 'pass', '@conflict': 0.0, '@note': 'Usher placements: BA.2(1/1)'}]	50	https://www.gbe.rki.de/DE/Themen/EinflussfaktorenAufDieGesundheit/GesundheitsUndRisikoverhalten/Alkoholkonsum/Rauschtrinken/rauschtrinken_node.html
2022-01-10T06:00:00	2022-01-10	2022-02	2021/22	clinical	873a7cc28d29e3f17b0544ea6e9e8436defe32f6d60649159ee8ac78d41529	26.54	3	1	[{'method': 'PANGOLIN_LATEST', 'classification_version': 'PUSHER-v1.28.1', 'tool_version': '4.3', 'lineage': 'BA.2', '@qc_notes': 'Ambiguous_content:0.02', '@is_designated': False, '@qc_status': 'pass', '@conflict': 0.0, '@note': 'Usher placements: BA.2(1/1)'}]	51	https://www.gbe.rki.de/DE/Themen/EinflussfaktorenAufDieGesundheit/GesundheitsUndRisikoverhalten/Alkoholkonsum/Rauschtrinken/rauschtrinken_node.html
2022-01-17T06:00:00	2022-01-17	2022-03	2021/22	unknown, other	873a7cc28d29e3f17b0544ea6e9e8436defe32f6d60649159ee8ac78d41530	27.11	257	260	[{'method': 'PANGOLIN_LATEST', 'classification_version': 'PUSHER-v1.28.1', 'tool_version': '4.3', 'lineage': 'BA.2', '@qc_notes': 'Ambiguous_content:0.02', '@is_designated': False, '@qc_status': 'pass', '@conflict': 0.0, '@note': 'Usher placements: BA.2(1/1)'}]	52	https://www.gbe.rki.de/DE/Themen/EinflussfaktorenAufDieGesundheit/GesundheitsUndRisikoverhalten/Alkoholkonsum/Rauschtrinken/rauschtrinken_node.html
2022-01-24T06:00:00	2022-01-24	2022-04	2021/22	clinical	873a7cc28d29e3f17b0544ea6e9e8436defe32f6d60649159ee8ac78d41531	27.69	1	5	[{'method': 'PANGOLIN_LATEST', 'classification_version': 'PUSHER-v1.28.1', 'tool_version': '4.3', 'lineage': 'BA.2', '@qc_notes': 'Ambiguous_content:0.02', '@is_designated': False, '@qc_status': 'pass', '@conflict': 0.0, '@note': 'Usher placements: BA.2(1/1)'}]	53	https://www.gbe.rki.de/DE/Themen/EinflussfaktorenAufDieGesundheit/GesundheitsUndRisikoverhalten/Alkoholkonsum/Rauschtrinken/rauschtrinken_node.html
2022-01-31T06:00:00	2022-01-31	2022-05	2021/22	random	873a7cc28d29e3f17b0544ea6e9e8436defe32f6d60649159ee8ac78d41532	28.26	7	10	[{'method': 'PANGOLIN_LATEST', 'classification_version': 'PUSHER-v1.28.1', 'tool_version': '4.3', 'lineage': 'BA.2', '@qc_notes': 'Ambiguous_content:0.02', '@is_designated': False, '@qc_status': 'pass', '@conflict': 0.0, '@note': 'Usher placements: BA.2(1/1)'}]	54	https://www.gbe.rki.de/DE/Themen/EinflussfaktorenAufDieGesundheit/GesundheitsUndRisikoverhalten/Alkoholkonsum/Rauschtrinken/rauschtrinken_node.html
2022-02-07T06:00:00	2022-02-07	2022-06	2021/22	requested	873a7cc28d29e3f17b0544ea6e9e8436defe32f6d60649159ee8ac78d41533	28.83	1	NA	[{'method': 'PANGOLIN_LATEST', 'classification_version': 'PUSHER-v1.28.1', 'tool_version': '4.3', 'lineage': 'BA.2', '@qc_notes': 'Ambiguous_content:0.02', '@is_designated': False, '@qc_status': 'pass', '@conflict': 0.0, '@note': 'Usher placements: BA.2(1/1)'}]	55	https://www.gbe.rki.de/DE/Themen/EinflussfaktorenAufDieGesundheit/GesundheitsUndRisikoverhalten/Alkoholkonsum/Rauschtrinken/rauschtrinken_node.html
2022-02-14T06:00:00	2022-02-14	2022-07	2021/22	clinical	873a7cc28d29e3f17b0544ea6e9e8436defe32f6d60649159ee8ac78d41534	29.40	7	10	[{'method': 'PANGOLIN_LATEST', 'classification_version': 'PUSHER-v1.28.1', 'tool_version': '4.3', 'lineage': 'BA.2', '@qc_notes': 'Ambiguous_content:0.02', '@is_designated': False, '@qc_status': 'pass', '@conflict': 0.0, '@note': 'Usher placements: BA.2(1/1)'}]	56	https://www.gbe.rki.de/DE/Themen/EinflussfaktorenAufDieGesundheit/GesundheitsUndRisikoverhalten/Alkoholkonsum/Rauschtrinken/rauschtrinken_node.html
2022-02-21T06:00:00	2022-02-21	2022-08	2021/22	requested	873a7cc28d29e3f17b0544ea6e9e8436defe32f6d60649159ee8ac78d41535	29.98	86	90	[{'method': 'PANGOLIN_LATEST', 'classification_version': 'PUSHER-v1.28.1', 'tool_version': '4.3', 'lineage': 'BA.2', '@qc_notes': 'Ambiguous_content:0.02', '@is_designated': False, '@qc_status': 'pass', '@conflict': 0.0, '@note': 'Usher placements: BA.2(1/1)'}]	57	https://www.gbe.rki.de/DE/Themen/EinflussfaktorenAufDieGesundheit/GesundheitsUndRisikoverhalten/Alkoholkonsum/Rauschtrinken/rauschtrinken_node.html
2022-02-28T06:00:00	2022-02-28	2022-09	2021/22	clinical	873a7cc28d29e3f17b0544ea6e9e8436defe32f6d60649159ee8ac78d41536	30.55	10	13	[{'method': 'PANGOLIN_LATEST', 'classification_version': 'PUSHER-v1.28.1', 'tool_version': '4.3', 'lineage': 'BA.2', '@qc_notes': 'Ambiguous_content:0.02', '@is_designated': False, '@qc_status': 'pass', '@conflict': 0.0, '@note': 'Usher placements: BA.2(1/1)'}]	58	https://www.gbe.rki.de/DE/Themen/EinflussfaktorenAufDieGesundheit/GesundheitsUndRisikoverhalten/Alkoholkonsum/Rauschtrinken/rauschtrinken_node.html
2022-03-07T06:00:00	2022-03-07	2022-10	2021/22	clinical	873a7cc28d29e3f17b0544ea6e9e8436defe32f6d60649159ee8ac78d41537	31.12	0	NA	[{'method': 'PANGOLIN_LATEST', 'classification_version': 'PUSHER-v1.28.1', 'tool_version': '4.3', 'lineage': 'BA.2', '@qc_notes': 'Ambiguous_content:0.02', '@is_designated': False, '@qc_status': 'pass', '@conflict': 0.0, '@note': 'Usher placements: BA.2(1/1)'}]	59	https://www.gbe.rki.de/DE/Themen/EinflussfaktorenAufDieGesundheit/GesundheitsUndRisikoverhalten/Alkoholkonsum/Rauschtrinken/rauschtrinken_node.html
2022-03-14T06:00:00	2022-03-14	2022-11	2021/22	random	873a7cc28d29e3f17b0544ea6e9e8436defe32f6d60649159ee8ac78d41538	31.70	8	11	[{'method': 'PANGOLIN_LATEST', 'classification_version': 'PUSHER-v1.28.1', 'tool_version': '4.3', 'lineage': 'BA.2', '@qc_notes': 'Ambiguous_content:0.02', '@is_designated': False, '@qc_status': 'pass', '@conflict': 0.0, '@note': 'Usher placements: BA.2(1/1)'}]	60	https://www.gbe.rki.de/DE/Themen/EinflussfaktorenAufDieGesundheit/GesundheitsUndRisikoverhalten/Alkoholkonsum/Rauschtrinken/rauschtrinken_node.html
2022-03-21T06:00:00	2022-03-21	2022-12	2021/22	random	873a7cc28d29e3f17b0544ea6e9e8436defe32f6d60649159ee8ac78d41539	32.27	252	256	[{'method': 'PANGOLIN_LATEST', 'classification_version': 'PUSHER-v1.28.1', 'tool_version': '4.3', 'lineage': 'BA.2', '@qc_notes': 'Ambiguous_content:0.02', '@is_designated': False, '@qc_status': 'pass', '@conflict': 0.0, '@note': 'Usher placements: BA.2(1/1)'}]	61	https://www.gbe.rki.de/DE/Themen/EinflussfaktorenAufDieGesundheit/GesundheitsUndRisikoverhalten/Alkoholkonsum/Rauschtrinken/rauschtrinken_node.html
2022-03-28T06:00:00	2022-03-28	2022-13	2021/22	requested	873a7cc28d29e3f17b0544ea6e9e8436defe32f6d60649159ee8ac78d41540	32.84	10	13	[{'method': 'PANGOLIN_LATEST', 'classification_version': 'PUSHER-v1.28.1', 'tool_version': '4.3', 'lineage': 'BA.2', '@qc_notes': 'Ambiguous_content:0.02', '@is_designated': False, '@qc_status': 'pass', '@conflict': 0.0, '@note': 'Usher placements: BA.2(1/1)'}]	62	https://www.gbe.rki.de/DE/Themen/EinflussfaktorenAufDieGesundheit/GesundheitsUndRisikoverhalten/Alkoholkonsum/Rauschtrinken/rauschtrinken_node.html
2022-04-04T06:00:00	2022-04-04	2022-14	2021/22	clinical	873a7cc28d29e3f17b0544ea6e9e8436defe32f6d60649159ee8ac78d41541	33.41	65	NA	[{'method': 'PANGOLIN_LATEST', 'classification_version': 'PUSHER-v1.28.1', 'tool_version': '4.3', 'lineage': 'BA.2', '@qc_notes': 'Ambiguous_content:0.02', '@is_designated': False, '@qc_status': 'pass', '@conflict': 0.0, '@note': 'Usher placements: BA.2(1/1)'}]	63	https://www.gbe.rki.de/DE/Themen/EinflussfaktorenAufDieGesundheit/GesundheitsUndRisikoverhalten/Alkoholkonsum/Rauschtrinken/rauschtrinken_node.html
2022-04-11T06:00:00	2022-04-11	2022-15	2021/22	unknown, other	873a7cc28d29e3f17b0544ea6e9e8436defe32f6d60649159ee8ac78d41542	33.99	8	11	[{'method': 'PANGOLIN_LATEST', 'classification_version': 'PUSHER-v1.28.1', 'tool_version': '4.3', 'lineage': 'BA.2', '@qc_notes': 'Ambiguous_content:0.02', '@is_designated': False, '@qc_status': 'pass', '@conflict': 0.0, '@note': 'Usher placements: BA.2(1/1)'}]	64	https://www.gbe.rki.de/DE/Themen/EinflussfaktorenAufDieGesundheit/GesundheitsUndRisikoverhalten/Alkoholkonsum/Rauschtrinken/rauschtrinken_node.html
2022-04-18T06:00:00	2022-04-18	2022-16	2021/22	clinical	873a7cc28d29e3f17b0544ea6e9e8436defe32f6d60649159ee8ac78d41543	34.56	252	256	[{'method': 'PANGOLIN_LATEST', 'classification_version': 'PUSHER-v1.28.1', 'tool_version': '4.3', 'lineage': 'BA.2', '@qc_notes': 'Ambiguous_content:0.02', '@is_designated': False, '@qc_status': 'pass', '@conflict': 0.0, '@note': 'Usher placements: BA.2(1/1)'}]	65	https://www.gbe.rki.de/DE/Themen/EinflussfaktorenAufDieGesundheit/GesundheitsUndRisikoverhalten/Alkoholkonsum/Rauschtrinken/rauschtrinken_node.html
2022-04-25T06:00:00	2022-04-25	2022-17	2021/22	random	873a7cc28d29e3f17b0544ea6e9e8436defe32f6d60649159ee8ac78d41544	35.13	6	9	[{'method': 'PANGOLIN_LATEST', 'classification_version': 'PUSHER-v1.28.1', 'tool_version': '4.3', 'lineage': 'BA.2', '@qc_notes': 'Ambiguous_content:0.02', '@is_designated': False, '@qc_status': 'pass', '@conflict': 0.0, '@note': 'Usher placements: BA.2(1/1)'}]	66	https://www.gbe.rki.de/DE/Themen/EinflussfaktorenAufDieGesundheit/GesundheitsUndRisikoverhalten/Alkoholkonsum/Rauschtrinken/rauschtrinken_node.html
2022-05-02T06:00:00	2022-05-02	2022-18	2021/22	requested	873a7cc28d29e3f17b0544ea6e9e8436defe32f6d60649159ee8ac78d41545	35.70	93	NA	[{'method': 'PANGOLIN_LATEST', 'classification_version': 'PUSHER-v1.28.1', 'tool_version': '4.3', 'lineage': 'BA.2', '@qc_notes': 'Ambiguous_content:0.02', '@is_designated': False, '@qc_status': 'pass', '@conflict': 0.0, '@note': 'Usher placements: BA.2(1/1)'}]	67	https://www.gbe.rki.de/DE/Themen/EinflussfaktorenAufDieGesundheit/GesundheitsUndRisikoverhalten/Alkoholkonsum/Rauschtrinken/rauschtrinken_node.html
2022-05-09T06:00:00	2022-05-09	2022-19	2021/22	clinical	873a7cc28d29e3f17b0544ea6e9e8436defe32f6d60649159ee8ac78d41546	36.28	8	11	[{'method': 'PANGOLIN_LATEST', 'classification_version': 'PUSHER-v1.28.1', 'tool_version': '4.3', 'lineage': 'BA.2', '@qc_notes': 'Ambiguous_content:0.02', '@is_designated': False, '@qc_status': 'pass', '@conflict': 0.0, '@note': 'Usher placements: BA.2(1/1)'}]	68	https://www.gbe.rki.de/DE/Themen/EinflussfaktorenAufDieGesundheit/GesundheitsUndRisikoverhalten/Alkoholkonsum/Rauschtrinken/rauschtrinken_node.html
2022-05-16T06:00:00	2022-05-16	2022-20	2021/22	requested	873a7cc28d29e3f17b0544ea6e9e8436defe32f6d60649159ee8ac78d41547	36.85	252	256	[{'method': 'PANGOLIN_LATEST', 'classification_version': 'PUSHER-v1.28.1', 'tool_version': '4.3', 'lineage': 'BA.2', '@qc_notes': 'Ambiguous_content:0.02', '@is_designated': False, '@qc_status': 'pass', '@conflict': 0.0, '@note': 'Usher placements: BA.2(1/1)'}]	69	https://www.gbe.rki.de/DE/Themen/EinflussfaktorenAufDieGesundheit/GesundheitsUndRisikoverhalten/Alkoholkonsum/Rauschtrinken/rauschtrinken_node.html
2022-05-23T06:00:00	2022-05-23	2022-21	2021/22	clinical	873a7cc28d29e3f17b0544ea6e9e8436defe32f6d60649159ee8ac78d41548	37.42	10	13	[{'method': 'PANGOLIN_LATEST', 'classification_version': 'PUSHER-v1.28.1', 'tool_version': '4.3', 'lineage': 'BA.2', '@qc_notes': 'Ambiguous_content:0.02', '@is_designated': False, '@qc_status': 'pass', '@conflict': 0.0, '@note': 'Usher placements: BA.2(1/1)'}]	70	https://www.gbe.rki.de/DE/Themen/EinflussfaktorenAufDieGesundheit/GesundheitsUndRisikoverhalten/Alkoholkonsum/Rauschtrinken/rauschtrinken_node.html
2022-05-30T06:00:00	2022-05-30	2022-22	2021/22	clinical	873a7cc28d29e3f17b0544ea6e9e8436defe32f6d60649159ee8ac78d41549	38.00	756	NA	[{'method': 'PANGOLIN_LATEST', 'classification_version': 'PUSHER-v1.28.1', 'tool_version': '4.3', 'lineage': 'BA.2', '@qc_notes': 'Ambiguous_content:0.02', '@is_designated': False, '@qc_status': 'pass', '@conflict': 0.0, '@note': 'Usher placements: BA.2(1/1)'}]	71	https://www.gbe.rki.de/DE/Themen/EinflussfaktorenAufDieGesundheit/GesundheitsUndRisikoverhalten/Alkoholkonsum/Rauschtrinken/rauschtrinken_node.html
2022-06-06T06:00:00	2022-06-06	2022-23	2021/22	random	873a7cc28d29e3f17b0544ea6e9e8436defe32f6d60649159ee8ac78d41550	38.57	8	11	[{'method': 'PANGOLIN_LATEST', 'classification_version': 'PUSHER-v1.28.1', 'tool_version': '4.3', 'lineage': 'BA.2', '@qc_notes': 'Ambiguous_content:0.02', '@is_designated': False, '@qc_status': 'pass', '@conflict': 0.0, '@note': 'Usher placements: BA.2(1/1)'}]	72	https://www.gbe.rki.de/DE/Themen/EinflussfaktorenAufDieGesundheit/GesundheitsUndRisikoverhalten/Alkoholkonsum/Rauschtrinken/rauschtrinken_node.html
2022-06-13T06:00:00	2022-06-13	2022-24	2021/22	random	873a7cc28d29e3f17b0544ea6e9e8436defe32f6d60649159ee8ac78d41551	39.14	252	256	[{'method': 'PANGOLIN_LATEST', 'classification_version': 'PUSHER-v1.28.1', 'tool_version': '4.3', 'lineage': 'BA.2', '@qc_notes': 'Ambiguous_content:0.02', '@is_designated': False, '@qc_status': 'pass', '@conflict': 0.0, '@note': 'Usher placements: BA.2(1/1)'}]	73	https://www.gbe.rki.de/DE/Themen/EinflussfaktorenAufDieGesundheit/GesundheitsUndRisikoverhalten/Alkoholkonsum/Rauschtrinken/rauschtrinken_node.html
2022-06-20T06:00:00	2022-06-20	2022-25	2021/22	requested	873a7cc28d29e3f17b0544ea6e9e8436defe32f6d60649159ee8ac78d41552	39.71	6	9	[{'method': 'PANGOLIN_LATEST', 'classification_version': 'PUSHER-v1.28.1', 'tool_version': '4.3', 'lineage': 'BA.2', '@qc_notes': 'Ambiguous_content:0.02', '@is_designated': False, '@qc_status': 'pass', '@conflict': 0.0, '@note': 'Usher placements: BA.2(1/1)'}]	74	https://www.gbe.rki.de/DE/Themen/EinflussfaktorenAufDieGesundheit/GesundheitsUndRisikoverhalten/Alkoholkonsum/Rauschtrinken/rauschtrinken_node.html
2022-06-27T06:00:00	2022-06-27	2022-26	2021/22	clinical	873a7cc28d29e3f17b0544ea6e9e8436defe32f6d60649159ee8ac78d41553	40.29	2	0	[{'method': 'PANGOLIN_LATEST', 'classification_version': 'PUSHER-v1.28.1', 'tool_version': '4.3', 'lineage': 'BA.2', '@qc_notes': 'Ambiguous_content:0.02', '@is_designated': False, '@qc_status': 'pass', '@conflict': 0.0, '@note': 'Usher placements: BA.2(1/1)'}]	75	https://www.gbe.rki.de/DE/Themen/EinflussfaktorenAufDieGesundheit/GesundheitsUndRisikoverhalten/Alkoholkonsum/Rauschtrinken/rauschtrinken_node.html
2022-07-04T06:00:00	2022-07-04	2022-27	2022/23	unknown, other	873a7cc28d29e3f17b0544ea6e9e8436defe32f6d60649159ee8ac78d41554	40.86	6	9	[{'method': 'PANGOLIN_LATEST', 'classification_version': 'PUSHER-v1.28.1', 'tool_version': '4.3', 'lineage': 'BA.2', '@qc_notes': 'Ambiguous_content:0.02', '@is_designated': False, '@qc_status': 'pass', '@conflict': 0.0, '@note': 'Usher placements: BA.2(1/1)'}]	76	https://www.gbe.rki.de/DE/Themen/EinflussfaktorenAufDieGesundheit/GesundheitsUndRisikoverhalten/Alkoholkonsum/Rauschtrinken/rauschtrinken_node.html
2022-07-11T06:00:00	2022-07-11	2022-28	2022/23	clinical	873a7cc28d29e3f17b0544ea6e9e8436defe32f6d60649159ee8ac78d41555	41.43	2	6	[{'method': 'PANGOLIN_LATEST', 'classification_version': 'PUSHER-v1.28.1', 'tool_version': '4.3', 'lineage': 'BA.2', '@qc_notes': 'Ambiguous_content:0.02', '@is_designated': False, '@qc_status': 'pass', '@conflict': 0.0, '@note': 'Usher placements: BA.2(1/1)'}]	77	https://www.gbe.rki.de/DE/Themen/EinflussfaktorenAufDieGesundheit/GesundheitsUndRisikoverhalten/Alkoholkonsum/Rauschtrinken/rauschtrinken_node.html
2022-07-18T06:00:00	2022-07-18	2022-29	2022/23	random	873a7cc28d29e3f17b0544ea6e9e8436defe32f6d60649159ee8ac78d41556	42.00	91	94	[{'method': 'PANGOLIN_LATEST', 'classification_version': 'PUSHER-v1.28.1', 'tool_version': '4.3', 'lineage': 'BA.2', '@qc_notes': 'Ambiguous_content:0.02', '@is_designated': False, '@qc_status': 'pass', '@conflict': 0.0, '@note': 'Usher placements: BA.2(1/1)'}]	78	https://www.gbe.rki.de/DE/Themen/EinflussfaktorenAufDieGesundheit/GesundheitsUndRisikoverhalten/Alkoholkonsum/Rauschtrinken/rauschtrinken_node.html
2022-07-25T06:00:00	2022-07-25	2022-30	2022/23	requested	873a7cc28d29e3f17b0544ea6e9e8436defe32f6d60649159ee8ac78d41557	42.58	5	3	[{'method': 'PANGOLIN_LATEST', 'classification_version': 'PUSHER-v1.28.1', 'tool_version': '4.3', 'lineage': 'BA.2', '@qc_notes': 'Ambiguous_content:0.02', '@is_designated': False, '@qc_status': 'pass', '@conflict': 0.0, '@note': 'Usher placements: BA.2(1/1)'}]	79	https://www.gbe.rki.de/DE/Themen/EinflussfaktorenAufDieGesundheit/GesundheitsUndRisikoverhalten/Alkoholkonsum/Rauschtrinken/rauschtrinken_node.html
2022-08-01T06:00:00	2022-08-01	2022-31	2022/23	clinical	873a7cc28d29e3f17b0544ea6e9e8436defe32f6d60649159ee8ac78d41558	43.15	5	8	[{'method': 'PANGOLIN_LATEST', 'classification_version': 'PUSHER-v1.28.1', 'tool_version': '4.3', 'lineage': 'BA.2', '@qc_notes': 'Ambiguous_content:0.02', '@is_designated': False, '@qc_status': 'pass', '@conflict': 0.0, '@note': 'Usher placements: BA.2(1/1)'}]	80	https://www.gbe.rki.de/DE/Themen/EinflussfaktorenAufDieGesundheit/GesundheitsUndRisikoverhalten/Alkoholkonsum/Rauschtrinken/rauschtrinken_node.html
2022-08-08T06:00:00	2022-08-08	2022-32	2022/23	requested	873a7cc28d29e3f17b0544ea6e9e8436defe32f6d60649159ee8ac78d41559	43.72	3	7	[{'method': 'PANGOLIN_LATEST', 'classification_version': 'PUSHER-v1.28.1', 'tool_version': '4.3', 'lineage': 'BA.2', '@qc_notes': 'Ambiguous_content:0.02', '@is_designated': False, '@qc_status': 'pass', '@conflict': 0.0, '@note': 'Usher placements: BA.2(1/1)'}]	81	https://www.gbe.rki.de/DE/Themen/EinflussfaktorenAufDieGesundheit/GesundheitsUndRisikoverhalten/Alkoholkonsum/Rauschtrinken/rauschtrinken_node.html
2022-08-15T06:00:00	2022-08-15	2022-33	2022/23	clinical	873a7cc28d29e3f17b0544ea6e9e8436defe32f6d60649159ee8ac78d41560	44.30	257	260	[{'method': 'PANGOLIN_LATEST', 'classification_version': 'PUSHER-v1.28.1', 'tool_version': '4.3', 'lineage': 'BA.2', '@qc_notes': 'Ambiguous_content:0.02', '@is_designated': False, '@qc_status': 'pass', '@conflict': 0.0, '@note': 'Usher placements: BA.2(1/1)'}]	82	https://www.gbe.rki.de/DE/Themen/EinflussfaktorenAufDieGesundheit/GesundheitsUndRisikoverhalten/Alkoholkonsum/Rauschtrinken/rauschtrinken_node.html
2022-08-22T06:00:00	2022-08-22	2022-34	2022/23	clinical	873a7cc28d29e3f17b0544ea6e9e8436defe32f6d60649159ee8ac78d41561	44.87	5	3	[{'method': 'PANGOLIN_LATEST', 'classification_version': 'PUSHER-v1.28.1', 'tool_version': '4.3', 'lineage': 'BA.2', '@qc_notes': 'Ambiguous_content:0.02', '@is_designated': False, '@qc_status': 'pass', '@conflict': 0.0, '@note': 'Usher placements: BA.2(1/1)'}]	83	https://www.gbe.rki.de/DE/Themen/EinflussfaktorenAufDieGesundheit/GesundheitsUndRisikoverhalten/Alkoholkonsum/Rauschtrinken/rauschtrinken_node.html
2022-08-29T06:00:00	2022-08-29	2022-35	2022/23	random	873a7cc28d29e3f17b0544ea6e9e8436defe32f6d60649159ee8ac78d41562	45.44	5	8	[{'method': 'PANGOLIN_LATEST', 'classification_version': 'PUSHER-v1.28.1', 'tool_version': '4.3', 'lineage': 'BA.2', '@qc_notes': 'Ambiguous_content:0.02', '@is_designated': False, '@qc_status': 'pass', '@conflict': 0.0, '@note': 'Usher placements: BA.2(1/1)'}]	84	https://www.gbe.rki.de/DE/Themen/EinflussfaktorenAufDieGesundheit/GesundheitsUndRisikoverhalten/Alkoholkonsum/Rauschtrinken/rauschtrinken_node.html
2022-09-05T06:00:00	2022-09-05	2022-36	2022/23	random	873a7cc28d29e3f17b0544ea6e9e8436defe32f6d60649159ee8ac78d41563	46.01	3	7	[{'method': 'PANGOLIN_LATEST', 'classification_version': 'PUSHER-v1.28.1', 'tool_version': '4.3', 'lineage': 'BA.2', '@qc_notes': 'Ambiguous_content:0.02', '@is_designated': False, '@qc_status': 'pass', '@conflict': 0.0, '@note': 'Usher placements: BA.2(1/1)'}]	85	https://www.gbe.rki.de/DE/Themen/EinflussfaktorenAufDieGesundheit/GesundheitsUndRisikoverhalten/Alkoholkonsum/Rauschtrinken/rauschtrinken_node.html
2022-09-12T06:00:00	2022-09-12	2022-37	2022/23	requested	873a7cc28d29e3f17b0544ea6e9e8436defe32f6d60649159ee8ac78d41564	46.59	257	260	[{'method': 'PANGOLIN_LATEST', 'classification_version': 'PUSHER-v1.28.1', 'tool_version': '4.3', 'lineage': 'BA.2', '@qc_notes': 'Ambiguous_content:0.02', '@is_designated': False, '@qc_status': 'pass', '@conflict': 0.0, '@note': 'Usher placements: BA.2(1/1)'}]	86	https://www.gbe.rki.de/DE/Themen/EinflussfaktorenAufDieGesundheit/GesundheitsUndRisikoverhalten/Alkoholkonsum/Rauschtrinken/rauschtrinken_node.html
2022-09-19T06:00:00	2022-09-19	2022-38	2022/23	clinical	873a7cc28d29e3f17b0544ea6e9e8436defe32f6d60649159ee8ac78d41565	47.16	1	NA	[{'method': 'PANGOLIN_LATEST', 'classification_version': 'PUSHER-v1.28.1', 'tool_version': '4.3', 'lineage': 'BA.2', '@qc_notes': 'Ambiguous_content:0.02', '@is_designated': False, '@qc_status': 'pass', '@conflict': 0.0, '@note': 'Usher placements: BA.2(1/1)'}]	87	https://www.gbe.rki.de/DE/Themen/EinflussfaktorenAufDieGesundheit/GesundheitsUndRisikoverhalten/Alkoholkonsum/Rauschtrinken/rauschtrinken_node.html
2022-09-26T06:00:00	2022-09-26	2022-39	2022/23	unknown, other	873a7cc28d29e3f17b0544ea6e9e8436defe32f6d60649159ee8ac78d41566	47.73	5	8	[{'method': 'PANGOLIN_LATEST', 'classification_version': 'PUSHER-v1.28.1', 'tool_version': '4.3', 'lineage': 'BA.2', '@qc_notes': 'Ambiguous_content:0.02', '@is_designated': False, '@qc_status': 'pass', '@conflict': 0.0, '@note': 'Usher placements: BA.2(1/1)'}]	88	https://www.gbe.rki.de/DE/Themen/EinflussfaktorenAufDieGesundheit/GesundheitsUndRisikoverhalten/Alkoholkonsum/Rauschtrinken/rauschtrinken_node.html
2022-10-03T06:00:00	2022-10-03	2022-40	2022/23	clinical	873a7cc28d29e3f17b0544ea6e9e8436defe32f6d60649159ee8ac78d41567	48.30	3	7	[{'method': 'PANGOLIN_LATEST', 'classification_version': 'PUSHER-v1.28.1', 'tool_version': '4.3', 'lineage': 'BA.2', '@qc_notes': 'Ambiguous_content:0.02', '@is_designated': False, '@qc_status': 'pass', '@conflict': 0.0, '@note': 'Usher placements: BA.2(1/1)'}]	89	https://www.gbe.rki.de/DE/Themen/EinflussfaktorenAufDieGesundheit/GesundheitsUndRisikoverhalten/Alkoholkonsum/Rauschtrinken/rauschtrinken_node.html
2022-10-10T06:00:00	2022-10-10	2022-41	2022/23	random	873a7cc28d29e3f17b0544ea6e9e8436defe32f6d60649159ee8ac78d41568	48.88	257	260	[{'method': 'PANGOLIN_LATEST', 'classification_version': 'PUSHER-v1.28.1', 'tool_version': '4.3', 'lineage': 'BA.2', '@qc_notes': 'Ambiguous_content:0.02', '@is_designated': False, '@qc_status': 'pass', '@conflict': 0.0, '@note': 'Usher placements: BA.2(1/1)'}]	90	https://www.gbe.rki.de/DE/Themen/EinflussfaktorenAufDieGesundheit/GesundheitsUndRisikoverhalten/Alkoholkonsum/Rauschtrinken/rauschtrinken_node.html
2022-10-17T06:00:00	2022-10-17	2022-42	2022/23	requested	873a7cc28d29e3f17b0544ea6e9e8436defe32f6d60649159ee8ac78d41569	49.45	5	3	[{'method': 'PANGOLIN_LATEST', 'classification_version': 'PUSHER-v1.28.1', 'tool_version': '4.3', 'lineage': 'BA.2', '@qc_notes': 'Ambiguous_content:0.02', '@is_designated': False, '@qc_status': 'pass', '@conflict': 0.0, '@note': 'Usher placements: BA.2(1/1)'}]	91	https://www.gbe.rki.de/DE/Themen/EinflussfaktorenAufDieGesundheit/GesundheitsUndRisikoverhalten/Alkoholkonsum/Rauschtrinken/rauschtrinken_node.html
2022-10-24T06:00:00	2022-10-24	2022-43	2022/23	clinical	873a7cc28d29e3f17b0544ea6e9e8436defe32f6d60649159ee8ac78d41570	50.02	5	8	[{'method': 'PANGOLIN_LATEST', 'classification_version': 'PUSHER-v1.28.1', 'tool_version': '4.3', 'lineage': 'BA.2', '@qc_notes': 'Ambiguous_content:0.02', '@is_designated': False, '@qc_status': 'pass', '@conflict': 0.0, '@note': 'Usher placements: BA.2(1/1)'}]	92	https://www.gbe.rki.de/DE/Themen/EinflussfaktorenAufDieGesundheit/GesundheitsUndRisikoverhalten/Alkoholkonsum/Rauschtrinken/rauschtrinken_node.html
2022-10-31T06:00:00	2022-10-31	2022-44	2022/23	requested	873a7cc28d29e3f17b0544ea6e9e8436defe32f6d60649159ee8ac78d41571	50.60	3	7	[{'method': 'PANGOLIN_LATEST', 'classification_version': 'PUSHER-v1.28.1', 'tool_version': '4.3', 'lineage': 'BA.2', '@qc_notes': 'Ambiguous_content:0.02', '@is_designated': False, '@qc_status': 'pass', '@conflict': 0.0, '@note': 'Usher placements: BA.2(1/1)'}]	93	https://www.gbe.rki.de/DE/Themen/EinflussfaktorenAufDieGesundheit/GesundheitsUndRisikoverhalten/Alkoholkonsum/Rauschtrinken/rauschtrinken_node.html
2022-11-07T06:00:00	2022-11-07	2022-45	2022/23	clinical	873a7cc28d29e3f17b0544ea6e9e8436defe32f6d60649159ee8ac78d41572	51.17	257	260	[{'method': 'PANGOLIN_LATEST', 'classification_version': 'PUSHER-v1.28.1', 'tool_version': '4.3', 'lineage': 'BA.2', '@qc_notes': 'Ambiguous_content:0.02', '@is_designated': False, '@qc_status': 'pass', '@conflict': 0.0, '@note': 'Usher placements: BA.2(1/1)'}]	94	https://www.gbe.rki.de/DE/Themen/EinflussfaktorenAufDieGesundheit/GesundheitsUndRisikoverhalten/Alkoholkonsum/Rauschtrinken/rauschtrinken_node.html
2022-11-14T06:00:00	2022-11-14	2022-46	2022/23	clinical	873a7cc28d29e3f17b0544ea6e9e8436defe32f6d60649159ee8ac78d41573	51.74	1	-1	[{'method': 'PANGOLIN_LATEST', 'classification_version': 'PUSHER-v1.28.1', 'tool_version': '4.3', 'lineage': 'BA.2', '@qc_notes': 'Ambiguous_content:0.02', '@is_designated': False, '@qc_status': 'pass', '@conflict': 0.0, '@note': 'Usher placements: BA.2(1/1)'}]	95	https://www.gbe.rki.de/DE/Themen/EinflussfaktorenAufDieGesundheit/GesundheitsUndRisikoverhalten/Alkoholkonsum/Rauschtrinken/rauschtrinken_node.html
2022-11-21T06:00:00	2022-11-21	2022-47	2022/23	random	873a7cc28d29e3f17b0544ea6e9e8436defe32f6d60649159ee8ac78d41574	52.31	7	10	[{'method': 'PANGOLIN_LATEST', 'classification_version': 'PUSHER-v1.28.1', 'tool_version': '4.3', 'lineage': 'BA.2', '@qc_notes': 'Ambiguous_content:0.02', '@is_designated': False, '@qc_status': 'pass', '@conflict': 0.0, '@note': 'Usher placements: BA.2(1/1)'}]	96	https://www.gbe.rki.de/DE/Themen/EinflussfaktorenAufDieGesundheit/GesundheitsUndRisikoverhalten/Alkoholkonsum/Rauschtrinken/rauschtrinken_node.html
2022-11-28T06:00:00	2022-11-28	2022-48	2022/23	random	873a7cc28d29e3f17b0544ea6e9e8436defe32f6d60649159ee8ac78d41575	52.89	1	5	[{'method': 'PANGOLIN_LATEST', 'classification_version': 'PUSHER-v1.28.1', 'tool_version': '4.3', 'lineage': 'BA.2', '@qc_notes': 'Ambiguous_content:0.02', '@is_designated': False, '@qc_status': 'pass', '@conflict': 0.0, '@note': 'Usher placements: BA.2(1/1)'}]	97	https://www.gbe.rki.de/DE/Themen/EinflussfaktorenAufDieGesundheit/GesundheitsUndRisikoverhalten/Alkoholkonsum/Rauschtrinken/rauschtrinken_node.html
2022-12-05T06:00:00	2022-12-05	2022-49	2022/23	requested	873a7cc28d29e3f17b0544ea6e9e8436defe32f6d60649159ee8ac78d41576	53.46	7	10	[{'method': 'PANGOLIN_LATEST', 'classification_version': 'PUSHER-v1.28.1', 'tool_version': '4.3', 'lineage': 'BA.2', '@qc_notes': 'Ambiguous_content:0.02', '@is_designated': False, '@qc_status': 'pass', '@conflict': 0.0, '@note': 'Usher placements: BA.2(1/1)'}]	98	https://www.gbe.rki.de/DE/Themen/EinflussfaktorenAufDieGesundheit/GesundheitsUndRisikoverhalten/Alkoholkonsum/Rauschtrinken/rauschtrinken_node.html
2022-12-12T06:00:00	2022-12-12	2022-50	2022/23	clinical	873a7cc28d29e3f17b0544ea6e9e8436defe32f6d60649159ee8ac78d41577	54.03	86	84	[{'method': 'PANGOLIN_LATEST', 'classification_version': 'PUSHER-v1.28.1', 'tool_version': '4.3', 'lineage': 'BA.2', '@qc_notes': 'Ambiguous_content:0.02', '@is_designated': False, '@qc_status': 'pass', '@conflict': 0.0, '@note': 'Usher placements: BA.2(1/1)'}]	99	https://www.gbe.rki.de/DE/Themen/EinflussfaktorenAufDieGesundheit/GesundheitsUndRisikoverhalten/Alkoholkonsum/Rauschtrinken/rauschtrinken_node.html
2022-12-19T06:00:00	2022-12-19	2022-51	2022/23	unknown, other	873a7cc28d29e3f17b0544ea6e9e8436defe32f6d60649159ee8ac78d41578	54.60	10	13	[{'method': 'PANGOLIN_LATEST', 'classification_version': 'PUSHER-v1.28.1', 'tool_version': '4.3', 'lineage': 'BA.2', '@qc_notes': 'Ambiguous_content:0.02', '@is_designated': False, '@qc_status': 'pass', '@conflict': 0.0, '@note': 'Usher placements: BA.2(1/1)'}]	100	https://www.gbe.rki.de/DE/Themen/EinflussfaktorenAufDieGesundheit/GesundheitsUndRisikoverhalten/Alkoholkonsum/Rauschtrinken/rauschtrinken_node.html
2022-12-26T06:00:00	2022-12-26	2022-52	2022/23	clinical	873a7cc28d29e3f17b0544ea6e9e8436defe32f6d60649159ee8ac78d41579	55.18	0	4	[{'method': 'PANGOLIN_LATEST', 'classification_version': 'PUSHER-v1.28.1', 'tool_version': '4.3', 'lineage': 'BA.2', '@qc_notes': 'Ambiguous_content:0.02', '@is_designated': False, '@qc_status': 'pass', '@conflict': 0.0, '@note': 'Usher placements: BA.2(1/1)'}]	101	https://www.gbe.rki.de/DE/Themen/EinflussfaktorenAufDieGesundheit/GesundheitsUndRisikoverhalten/Alkoholkonsum/Rauschtrinken/rauschtrinken_node.html
2023-01-02T06:00:00	2023-01-02	2023-01	2022/23	random	873a7cc28d29e3f17b0544ea6e9e8436defe32f6d60649159ee8ac78d41580	55.75	8	11	[{'method': 'PANGOLIN_LATEST', 'classification_version': 'PUSHER-v1.28.1', 'tool_version': '4.3', 'lineage': 'BA.2', '@qc_notes': 'Ambiguous_content:0.02', '@is_designated': False, '@qc_status': 'pass', '@conflict': 0.0, '@note': 'Usher placements: BA.2(1/1)'}]	102	https://www.gbe.rki.de/DE/Themen/EinflussfaktorenAufDieGesundheit/GesundheitsUndRisikoverhalten/Alkoholkonsum/Rauschtrinken/rauschtrinken_node.html
2023-01-09T06:00:00	2023-01-09	2023-02	2022/23	requested	873a7cc28d29e3f17b0544ea6e9e8436defe32f6d60649159ee8ac78d41581	56.32	252	250	[{'method': 'PANGOLIN_LATEST', 'classification_version': 'PUSHER-v1.28.1', 'tool_version': '4.3', 'lineage': 'BA.2', '@qc_notes': 'Ambiguous_content:0.02', '@is_designated': False, '@qc_status': 'pass', '@conflict': 0.0, '@note': 'Usher placements: BA.2(1/1)'}]	103	https://www.gbe.rki.de/DE/Themen/EinflussfaktorenAufDieGesundheit/GesundheitsUndRisikoverhalten/Alkoholkonsum/Rauschtrinken/rauschtrinken_node.html
2023-01-16T06:00:00	2023-01-16	2023-03	2022/23	clinical	873a7cc28d29e3f17b0544ea6e9e8436defe32f6d60649159ee8ac78d41582	56.90	10	13	[{'method': 'PANGOLIN_LATEST', 'classification_version': 'PUSHER-v1.28.1', 'tool_version': '4.3', 'lineage': 'BA.2', '@qc_notes': 'Ambiguous_content:0.02', '@is_designated': False, '@qc_status': 'pass', '@conflict': 0.0, '@note': 'Usher placements: BA.2(1/1)'}]	104	https://www.gbe.rki.de/DE/Themen/EinflussfaktorenAufDieGesundheit/GesundheitsUndRisikoverhalten/Alkoholkonsum/Rauschtrinken/rauschtrinken_node.html
2023-01-23T06:00:00	2023-01-23	2023-04	2022/23	requested	873a7cc28d29e3f17b0544ea6e9e8436defe32f6d60649159ee8ac78d41583	57.47	0	4	[{'method': 'PANGOLIN_LATEST', 'classification_version': 'PUSHER-v1.28.1', 'tool_version': '4.3', 'lineage': 'BA.2', '@qc_notes': 'Ambiguous_content:0.02', '@is_designated': False, '@qc_status': 'pass', '@conflict': 0.0, '@note': 'Usher placements: BA.2(1/1)'}]	105	https://www.gbe.rki.de/DE/Themen/EinflussfaktorenAufDieGesundheit/GesundheitsUndRisikoverhalten/Alkoholkonsum/Rauschtrinken/rauschtrinken_node.html
2023-01-30T06:00:00	2023-01-30	2023-05	2022/23	clinical	873a7cc28d29e3f17b0544ea6e9e8436defe32f6d60649159ee8ac78d41584	58.04	8	11	[{'method': 'PANGOLIN_LATEST', 'classification_version': 'PUSHER-v1.28.1', 'tool_version': '4.3', 'lineage': 'BA.2', '@qc_notes': 'Ambiguous_content:0.02', '@is_designated': False, '@qc_status': 'pass', '@conflict': 0.0, '@note': 'Usher placements: BA.2(1/1)'}]	106	https://www.gbe.rki.de/DE/Themen/EinflussfaktorenAufDieGesundheit/GesundheitsUndRisikoverhalten/Alkoholkonsum/Rauschtrinken/rauschtrinken_node.html
2023-02-06T06:00:00	2023-02-06	2023-06	2022/23	clinical	873a7cc28d29e3f17b0544ea6e9e8436defe32f6d60649159ee8ac78d41585	58.61	1	-1	[{'method': 'PANGOLIN_LATEST', 'classification_version': 'PUSHER-v1.28.1', 'tool_version': '4.3', 'lineage': 'BA.2', '@qc_notes': 'Ambiguous_content:0.02', '@is_designated': False, '@qc_status': 'pass', '@conflict': 0.0, '@note': 'Usher placements: BA.2(1/1)'}]	107	https://www.gbe.rki.de/DE/Themen/EinflussfaktorenAufDieGesundheit/GesundheitsUndRisikoverhalten/Alkoholkonsum/Rauschtrinken/rauschtrinken_node.html
2023-02-13T06:00:00	2023-02-13	2023-07	2022/23	dom	873a7cc28d29e3f17b0544ea6e9e8436defe32f6d60649159ee8ac78d41586	59.19	7	10	[{'method': 'PANGOLIN_LATEST', 'classification_version': 'PUSHER-v1.28.1', 'tool_version': '4.3', 'lineage': 'BA.2', '@qc_notes': 'Ambiguous_content:0.02', '@is_designated': False, '@qc_status': 'pass', '@conflict': 0.0, '@note': 'Usher placements: BA.2(1/1)'}]	108	https://www.gbe.rki.de/DE/Themen/EinflussfaktorenAufDieGesundheit/GesundheitsUndRisikoverhalten/Alkoholkonsum/Rauschtrinken/rauschtrinken_node.html
2023-02-20T06:00:00	2023-02-20	2023-08	2022/23	random	873a7cc28d29e3f17b0544ea6e9e8436defe32f6d60649159ee8ac78d41587	59.76	86	90	[{'method': 'PANGOLIN_LATEST', 'classification_version': 'PUSHER-v1.28.1', 'tool_version': '4.3', 'lineage': 'BA.2', '@qc_notes': 'Ambiguous_content:0.02', '@is_designated': False, '@qc_status': 'pass', '@conflict': 0.0, '@note': 'Usher placements: BA.2(1/1)'}]	109	https://www.gbe.rki.de/DE/Themen/EinflussfaktorenAufDieGesundheit/GesundheitsUndRisikoverhalten/Alkoholkonsum/Rauschtrinken/rauschtrinken_node.html
2023-02-27T06:00:00	2023-02-27	2023-09	2022/23	requested	873a7cc28d29e3f17b0544ea6e9e8436defe32f6d60649159ee8ac78d41588	60.33	10	13	[{'method': 'PANGOLIN_LATEST', 'classification_version': 'PUSHER-v1.28.1', 'tool_version': '4.3', 'lineage': 'BA.2', '@qc_notes': 'Ambiguous_content:0.02', '@is_designated': False, '@qc_status': 'pass', '@conflict': 0.0, '@note': 'Usher placements: BA.2(1/1)'}]	110	https://www.gbe.rki.de/DE/Themen/EinflussfaktorenAufDieGesundheit/GesundheitsUndRisikoverhalten/Alkoholkonsum/Rauschtrinken/rauschtrinken_node.html
2023-03-06T06:00:00	2023-03-06	2023-10	2022/23	clinical	873a7cc28d29e3f17b0544ea6e9e8436defe32f6d60649159ee8ac78d41589	60.90	823	NA	[{'method': 'PANGOLIN_LATEST', 'classification_version': 'PUSHER-v1.28.1', 'tool_version': '4.3', 'lineage': 'BA.2', '@qc_notes': 'Ambiguous_content:0.02', '@is_designated': False, '@qc_status': 'pass', '@conflict': 0.0, '@note': 'Usher placements: BA.2(1/1)'}]	111	https://www.gbe.rki.de/DE/Themen/EinflussfaktorenAufDieGesundheit/GesundheitsUndRisikoverhalten/Alkoholkonsum/Rauschtrinken/rauschtrinken_node.html
2023-03-13T06:00:00	2023-03-13	2023-11	2022/23	unknown, other	873a7cc28d29e3f17b0544ea6e9e8436defe32f6d60649159ee8ac78d41590	61.48	8	11	[{'method': 'PANGOLIN_LATEST', 'classification_version': 'PUSHER-v1.28.1', 'tool_version': '4.3', 'lineage': 'BA.2', '@qc_notes': 'Ambiguous_content:0.02', '@is_designated': False, '@qc_status': 'pass', '@conflict': 0.0, '@note': 'Usher placements: BA.2(1/1)'}]	112	https://www.gbe.rki.de/DE/Themen/EinflussfaktorenAufDieGesundheit/GesundheitsUndRisikoverhalten/Alkoholkonsum/Rauschtrinken/rauschtrinken_node.html
2023-03-20T06:00:00	2023-03-20	2023-12	2022/23	clinical	873a7cc28d29e3f17b0544ea6e9e8436defe32f6d60649159ee8ac78d41591	62.05	252	256	[{'method': 'PANGOLIN_LATEST', 'classification_version': 'PUSHER-v1.28.1', 'tool_version': '4.3', 'lineage': 'BA.2', '@qc_notes': 'Ambiguous_content:0.02', '@is_designated': False, '@qc_status': 'pass', '@conflict': 0.0, '@note': 'Usher placements: BA.2(1/1)'}]	113	https://www.gbe.rki.de/DE/Themen/EinflussfaktorenAufDieGesundheit/GesundheitsUndRisikoverhalten/Alkoholkonsum/Rauschtrinken/rauschtrinken_node.html
2023-03-27T06:00:00	2023-03-27	2023-13	2022/23	random	873a7cc28d29e3f17b0544ea6e9e8436defe32f6d60649159ee8ac78d41592	62.62	10	13	[{'method': 'PANGOLIN_LATEST', 'classification_version': 'PUSHER-v1.28.1', 'tool_version': '4.3', 'lineage': 'BA.2', '@qc_notes': 'Ambiguous_content:0.02', '@is_designated': False, '@qc_status': 'pass', '@conflict': 0.0, '@note': 'Usher placements: BA.2(1/1)'}]	114	https://www.gbe.rki.de/DE/Themen/EinflussfaktorenAufDieGesundheit/GesundheitsUndRisikoverhalten/Alkoholkonsum/Rauschtrinken/rauschtrinken_node.html
2023-04-03T06:00:00	2023-04-03	2023-14	2022/23	requested	873a7cc28d29e3f17b0544ea6e9e8436defe32f6d60649159ee8ac78d41593	63.20	627	NA	[{'method': 'PANGOLIN_LATEST', 'classification_version': 'PUSHER-v1.28.1', 'tool_version': '4.3', 'lineage': 'BA.2', '@qc_notes': 'Ambiguous_content:0.02', '@is_designated': False, '@qc_status': 'pass', '@conflict': 0.0, '@note': 'Usher placements: BA.2(1/1)'}]	115	https://www.gbe.rki.de/DE/Themen/EinflussfaktorenAufDieGesundheit/GesundheitsUndRisikoverhalten/Alkoholkonsum/Rauschtrinken/rauschtrinken_node.html
2023-04-10T06:00:00	2023-04-10	2023-15	2022/23	clinical	873a7cc28d29e3f17b0544ea6e9e8436defe32f6d60649159ee8ac78d41594	63.77	8	11	[{'method': 'PANGOLIN_LATEST', 'classification_version': 'PUSHER-v1.28.1', 'tool_version': '4.3', 'lineage': 'BA.2', '@qc_notes': 'Ambiguous_content:0.02', '@is_designated': False, '@qc_status': 'pass', '@conflict': 0.0, '@note': 'Usher placements: BA.2(1/1)'}]	116	https://www.gbe.rki.de/DE/Themen/EinflussfaktorenAufDieGesundheit/GesundheitsUndRisikoverhalten/Alkoholkonsum/Rauschtrinken/rauschtrinken_node.html
2023-04-17T06:00:00	2023-04-17	2023-16	2022/23	requested	873a7cc28d29e3f17b0544ea6e9e8436defe32f6d60649159ee8ac78d41595	64.34	252	256	[{'method': 'PANGOLIN_LATEST', 'classification_version': 'PUSHER-v1.28.1', 'tool_version': '4.3', 'lineage': 'BA.2', '@qc_notes': 'Ambiguous_content:0.02', '@is_designated': False, '@qc_status': 'pass', '@conflict': 0.0, '@note': 'Usher placements: BA.2(1/1)'}]	117	https://www.gbe.rki.de/DE/Themen/EinflussfaktorenAufDieGesundheit/GesundheitsUndRisikoverhalten/Alkoholkonsum/Rauschtrinken/rauschtrinken_node.html
2023-04-24T06:00:00	2023-04-24	2023-17	2022/23	clinical	873a7cc28d29e3f17b0544ea6e9e8436defe32f6d60649159ee8ac78d41596	64.91	6	9	[{'method': 'PANGOLIN_LATEST', 'classification_version': 'PUSHER-v1.28.1', 'tool_version': '4.3', 'lineage': 'BA.2', '@qc_notes': 'Ambiguous_content:0.02', '@is_designated': False, '@qc_status': 'pass', '@conflict': 0.0, '@note': 'Usher placements: BA.2(1/1)'}]	118	https://www.gbe.rki.de/DE/Themen/EinflussfaktorenAufDieGesundheit/GesundheitsUndRisikoverhalten/Alkoholkonsum/Rauschtrinken/rauschtrinken_node.html
2023-05-01T06:00:00	2023-05-01	2023-18	2022/23	clinical	873a7cc28d29e3f17b0544ea6e9e8436defe32f6d60649159ee8ac78d41597	65.49	879	NA	[{'method': 'PANGOLIN_LATEST', 'classification_version': 'PUSHER-v1.28.1', 'tool_version': '4.3', 'lineage': 'BA.2', '@qc_notes': 'Ambiguous_content:0.02', '@is_designated': False, '@qc_status': 'pass', '@conflict': 0.0, '@note': 'Usher placements: BA.2(1/1)'}]	119	https://www.gbe.rki.de/DE/Themen/EinflussfaktorenAufDieGesundheit/GesundheitsUndRisikoverhalten/Alkoholkonsum/Rauschtrinken/rauschtrinken_node.html
2023-05-08T06:00:00	2023-05-08	2023-19	2022/23	random	873a7cc28d29e3f17b0544ea6e9e8436defe32f6d60649159ee8ac78d41598	66.06	8	11	[{'method': 'PANGOLIN_LATEST', 'classification_version': 'PUSHER-v1.28.1', 'tool_version': '4.3', 'lineage': 'BA.2', '@qc_notes': 'Ambiguous_content:0.02', '@is_designated': False, '@qc_status': 'pass', '@conflict': 0.0, '@note': 'Usher placements: BA.2(1/1)'}]	120	https://www.gbe.rki.de/DE/Themen/EinflussfaktorenAufDieGesundheit/GesundheitsUndRisikoverhalten/Alkoholkonsum/Rauschtrinken/rauschtrinken_node.html
2023-05-15T06:00:00	2023-05-15	2023-20	2022/23	random	873a7cc28d29e3f17b0544ea6e9e8436defe32f6d60649159ee8ac78d41599	66.63	252	256	[{'method': 'PANGOLIN_LATEST', 'classification_version': 'PUSHER-v1.28.1', 'tool_version': '4.3', 'lineage': 'BA.2', '@qc_notes': 'Ambiguous_content:0.02', '@is_designated': False, '@qc_status': 'pass', '@conflict': 0.0, '@note': 'Usher placements: BA.2(1/1)'}]	121	https://www.gbe.rki.de/DE/Themen/EinflussfaktorenAufDieGesundheit/GesundheitsUndRisikoverhalten/Alkoholkonsum/Rauschtrinken/rauschtrinken_node.html
2023-05-22T06:00:00	2023-05-22	2023-21	2022/23	requested	873a7cc28d29e3f17b0544ea6e9e8436defe32f6d60649159ee8ac78d41600	67.20	10	13	[{'method': 'PANGOLIN_LATEST', 'classification_version': 'PUSHER-v1.28.1', 'tool_version': '4.3', 'lineage': 'BA.2', '@qc_notes': 'Ambiguous_content:0.02', '@is_designated': False, '@qc_status': 'pass', '@conflict': 0.0, '@note': 'Usher placements: BA.2(1/1)'}]	122	https://www.gbe.rki.de/DE/Themen/EinflussfaktorenAufDieGesundheit/GesundheitsUndRisikoverhalten/Alkoholkonsum/Rauschtrinken/rauschtrinken_node.html
2023-05-29T06:00:00	2023-05-29	2023-22	2022/23	clinical	873a7cc28d29e3f17b0544ea6e9e8436defe32f6d60649159ee8ac78d41601	67.78	72	NA	[{'method': 'PANGOLIN_LATEST', 'classification_version': 'PUSHER-v1.28.1', 'tool_version': '4.3', 'lineage': 'BA.2', '@qc_notes': 'Ambiguous_content:0.02', '@is_designated': False, '@qc_status': 'pass', '@conflict': 0.0, '@note': 'Usher placements: BA.2(1/1)'}]	123	https://www.gbe.rki.de/DE/Themen/EinflussfaktorenAufDieGesundheit/GesundheitsUndRisikoverhalten/Alkoholkonsum/Rauschtrinken/rauschtrinken_node.html
2023-06-05T06:00:00	2023-06-05	2023-23	2022/23	unknown, other	873a7cc28d29e3f17b0544ea6e9e8436defe32f6d60649159ee8ac78d41602	68.35	8	11	[{'method': 'PANGOLIN_LATEST', 'classification_version': 'PUSHER-v1.28.1', 'tool_version': '4.3', 'lineage': 'BA.2', '@qc_notes': 'Ambiguous_content:0.02', '@is_designated': False, '@qc_status': 'pass', '@conflict': 0.0, '@note': 'Usher placements: BA.2(1/1)'}]	124	https://www.gbe.rki.de/DE/Themen/EinflussfaktorenAufDieGesundheit/GesundheitsUndRisikoverhalten/Alkoholkonsum/Rauschtrinken/rauschtrinken_node.html
2023-06-12T06:00:00	2023-06-12	2023-24	2022/23	clinical	873a7cc28d29e3f17b0544ea6e9e8436defe32f6d60649159ee8ac78d41603	68.92	252	256	[{'method': 'PANGOLIN_LATEST', 'classification_version': 'PUSHER-v1.28.1', 'tool_version': '4.3', 'lineage': 'BA.2', '@qc_notes': 'Ambiguous_content:0.02', '@is_designated': False, '@qc_status': 'pass', '@conflict': 0.0, '@note': 'Usher placements: BA.2(1/1)'}]	125	https://www.gbe.rki.de/DE/Themen/EinflussfaktorenAufDieGesundheit/GesundheitsUndRisikoverhalten/Alkoholkonsum/Rauschtrinken/rauschtrinken_node.html
2023-06-19T06:00:00	2023-06-19	2023-25	2022/23	random	873a7cc28d29e3f17b0544ea6e9e8436defe32f6d60649159ee8ac78d41604	69.50	6	9	[{'method': 'PANGOLIN_LATEST', 'classification_version': 'PUSHER-v1.28.1', 'tool_version': '4.3', 'lineage': 'BA.2', '@qc_notes': 'Ambiguous_content:0.02', '@is_designated': False, '@qc_status': 'pass', '@conflict': 0.0, '@note': 'Usher placements: BA.2(1/1)'}]	126	https://www.gbe.rki.de/DE/Themen/EinflussfaktorenAufDieGesundheit/GesundheitsUndRisikoverhalten/Alkoholkonsum/Rauschtrinken/rauschtrinken_node.html
2023-06-26T06:00:00	2023-06-26	2023-26	2022/23	requested	873a7cc28d29e3f17b0544ea6e9e8436defe32f6d60649159ee8ac78d41605	70.07	73	NA	[{'method': 'PANGOLIN_LATEST', 'classification_version': 'PUSHER-v1.28.1', 'tool_version': '4.3', 'lineage': 'BA.2', '@qc_notes': 'Ambiguous_content:0.02', '@is_designated': False, '@qc_status': 'pass', '@conflict': 0.0, '@note': 'Usher placements: BA.2(1/1)'}]	127	https://www.gbe.rki.de/DE/Themen/EinflussfaktorenAufDieGesundheit/GesundheitsUndRisikoverhalten/Alkoholkonsum/Rauschtrinken/rauschtrinken_node.html
2023-07-03T06:00:00	2023-07-03	2023-27	2023/24	clinical	873a7cc28d29e3f17b0544ea6e9e8436defe32f6d60649159ee8ac78d41606	70.64	8	11	[{'method': 'PANGOLIN_LATEST', 'classification_version': 'PUSHER-v1.28.1', 'tool_version': '4.3', 'lineage': 'BA.2', '@qc_notes': 'Ambiguous_content:0.02', '@is_designated': False, '@qc_status': 'pass', '@conflict': 0.0, '@note': 'Usher placements: BA.2(1/1)'}]	128	https://www.gbe.rki.de/DE/Themen/EinflussfaktorenAufDieGesundheit/GesundheitsUndRisikoverhalten/Alkoholkonsum/Rauschtrinken/rauschtrinken_node.html
2023-07-10T06:00:00	2023-07-10	2023-28	2023/24	requested	873a7cc28d29e3f17b0544ea6e9e8436defe32f6d60649159ee8ac78d41607	71.21	252	256	[{'method': 'PANGOLIN_LATEST', 'classification_version': 'PUSHER-v1.28.1', 'tool_version': '4.3', 'lineage': 'BA.2', '@qc_notes': 'Ambiguous_content:0.02', '@is_designated': False, '@qc_status': 'pass', '@conflict': 0.0, '@note': 'Usher placements: BA.2(1/1)'}]	129	https://www.gbe.rki.de/DE/Themen/EinflussfaktorenAufDieGesundheit/GesundheitsUndRisikoverhalten/Alkoholkonsum/Rauschtrinken/rauschtrinken_node.html1	11	1
2023-07-10T06:00:00	2023-07-10	2023-28	2023/24	requested	873a7cc28d29e3f17b0544ea6e9e8436defe32f6d60649159ee8ac78d41607	71.21	252	256	[{'method': 'PANGOLIN_LATEST', 'classification_version': 'PUSHER-v1.28.1', 'tool_version': '4.3', 'lineage': 'BA.2', '@qc_notes': 'Ambiguous_content:0.02', '@is_designated': False, '@qc_status': 'pass', '@conflict': 0.0, '@note': 'Usher placements: BA.2(1/1)'}]	129	https://www.gbe.rki.de/DE/Themen/EinflussfaktorenAufDieGesundheit/GesundheitsUndRisikoverhalten/Alkoholkonsum/Rauschtrinken/rauschtrinken_node.html1	11	11	1
